symbol,test_days,acc,acc_up_recall,coverage,strat_sharpe,bh_sharpe,strat_total_ret,bh_total_ret
000001_SS,4472,0.5356,0.541,0.405,0.677,0.026,1.8776,0.1012
BTC-USD,2892,0.5149,0.6152,0.499,0.389,0.434,1.6997,2.5677
CL_F,4964,0.5026,0.5561,0.422,0.045,-0.058,0.2449,-0.464
ETH-USD,1743,0.5238,0.4914,0.364,0.118,-0.098,0.2846,-0.385
GC_F,2026,0.5375,0.5264,0.39,1.128,0.747,1.0028,1.0852
idx_AXJO,1272,0.4961,0.5719,0.487,0.46,0.193,0.216,0.1254
idx_BVSP,3739,0.5039,0.5107,0.385,0.303,0.361,0.7083,1.2413
idx_DJI,7242,0.5033,0.6107,0.461,0.403,0.351,1.5329,1.8439
idx_FTSE,5750,0.5104,0.5219,0.385,0.258,0.228,0.7056,0.8843
idx_GSPC,7748,0.5183,0.6037,0.442,0.353,0.431,1.5136,2.5197
idx_HSI,4965,0.5013,0.507,0.371,0.04,0.082,0.128,0.3895
idx_JKSE,6221,0.5203,0.6078,0.478,1.034,0.585,3.3432,2.9185
idx_KS11,5788,0.504,0.5869,0.454,0.369,0.553,1.4074,2.7898
idx_N225,4672,0.5158,0.5433,0.399,0.499,0.287,1.6657,1.2834
idx_NDX,7747,0.5192,0.6088,0.444,0.638,0.468,3.764,3.9442
idx_NSEI,2111,0.4898,0.5515,0.478,0.159,0.551,0.1772,0.7875
idx_STOXX50E,2049,0.532,0.5644,0.45,0.542,0.371,0.6503,0.5757
idx_TWII,4565,0.5174,0.5806,0.451,0.407,0.511,1.0174,1.7739
