symbol,test_days,acc,coverage,strat_sharpe,bh_sharpe,v2_share
000001_SS,4447,0.5298,0.401,0.641,0.023,0.06
BTC-USD,2855,0.5068,0.48,0.58,0.414,0.39
CL_F,4939,0.5035,0.362,-0.012,-0.07,0.46
ETH-USD,1706,0.5205,0.385,-0.066,-0.137,0.12
GC_F,5015,0.5149,0.423,0.516,0.547,0.45
SI_F,5017,0.5284,0.463,0.488,0.231,0.3
idx_AXJO,1621,0.5207,0.488,0.664,0.693,0.31
idx_BVSP,3757,0.4948,0.364,-0.015,0.281,0.4
idx_DJI,7218,0.5021,0.445,0.282,0.359,0.48
idx_FTSE,5725,0.5151,0.379,0.391,0.23,0.31
idx_GSPC,7724,0.5207,0.438,0.38,0.432,0.32
idx_HSI,4939,0.5108,0.355,0.129,0.088,0.44
idx_JKSE,6354,0.5217,0.47,1.064,0.508,0.39
idx_KS11,5806,0.505,0.42,0.361,0.466,0.61
idx_N225,4670,0.5079,0.392,0.453,0.282,0.3
idx_NDX,7723,0.5199,0.449,0.607,0.464,0.48
idx_NSEI,2086,0.5206,0.482,0.53,0.585,0.6
idx_STOXX50E,2023,0.522,0.414,0.497,0.391,0.51
idx_TWII,4541,0.5118,0.433,0.292,0.494,0.44
