symbol,test_days,acc,coverage,strat_sharpe,bh_sharpe,strat_total_ret
000001_SS,4447,0.5154,0.374,0.441,0.023,1.2004
BTC-USD,2855,0.5107,0.48,0.33,0.414,1.333
CL_F,4939,0.5054,0.324,0.026,-0.07,0.1234
ETH-USD,1706,0.5229,0.301,0.215,-0.137,0.4969
GC_F,5015,0.517,0.403,0.355,0.547,0.8074
SI_F,5017,0.5346,0.439,0.297,0.231,1.4248
idx_AXJO,1621,0.525,0.513,0.608,0.693,0.395
idx_BVSP,3757,0.4892,0.323,0.038,0.281,0.0829
idx_DJI,7218,0.5071,0.433,0.154,0.359,0.5565
idx_FTSE,5725,0.5113,0.339,0.389,0.23,1.0208
idx_GSPC,7724,0.5206,0.415,0.289,0.432,1.14
idx_HSI,4939,0.5066,0.308,0.075,0.088,0.2364
idx_JKSE,6354,0.526,0.437,0.879,0.508,2.6819
idx_KS11,5806,0.5093,0.417,0.284,0.466,1.0498
idx_N225,4670,0.5043,0.354,0.533,0.282,1.7182
idx_NDX,7723,0.5271,0.446,0.64,0.464,3.5627
idx_NSEI,2086,0.5173,0.456,0.513,0.585,0.5639
idx_STOXX50E,2023,0.5413,0.365,0.547,0.391,0.5878
idx_TWII,4541,0.5149,0.403,0.226,0.494,0.5156
