symbol,threshold,days,turns,turns_per_year,total_ret,ret_per_year,coverage,sharpe,breakeven_bps_per_side
000001_SS,0.55,4206,1194,71.53780313837376,1.3932393883123668,0.08347511313711756,0.3621017593913457,0.6075853539686563,5.83
000001_SS,0.6,4206,996,59.67475035663338,1.7238699752327868,0.10328464901537382,0.24108416547788872,0.8618633517483266,8.65
000001_SS,0.65,4206,700,41.940085592011414,1.1941856162896793,0.07154892422848293,0.1459819305753685,0.742491712600281,8.53
000001_SS,0.7,4206,448,26.841654778887303,0.9064264763889736,0.05430800571802695,0.08392772230147408,0.6684171327880002,10.12
000001_SS,0.75,4206,264,15.817403708987161,0.5403286604463998,0.032373471809912686,0.041607227769852595,0.5106031326786532,10.23
000001_SS,0.8,4206,100,5.991440798858774,0.26389900946308875,0.015811352920755674,0.016405135520684736,0.32034723116644104,13.19
BTC-USD,0.55,2632,683,65.3936170212766,3.7174532255924526,0.35592637266310717,0.4737841945288754,1.0192712569907953,27.21
BTC-USD,0.6,2632,593,56.77659574468085,2.9243884537801925,0.2799946391917206,0.33586626139817627,0.9204843465625201,24.66
BTC-USD,0.65,2632,478,45.76595744680851,1.6618004851077173,0.15910855708478144,0.22872340425531915,0.625778167624954,17.38
BTC-USD,0.7,2632,344,32.93617021276596,1.4855848229862991,0.14223684475400736,0.1493161094224924,0.727361617300334,21.59
BTC-USD,0.75,2632,202,19.340425531914892,0.8769442471117604,0.08396274706389195,0.08206686930091185,0.6097335620802387,21.71
BTC-USD,0.8,2632,130,12.446808510638297,0.167942272623605,0.016079579293749414,0.03951367781155015,0.1846247958070687,6.46
CL_F,0.55,4696,1241,66.5954003407155,0.23981587871479365,0.012869165552838159,0.39416524701873934,0.04576998313214643,0.97
CL_F,0.6,4696,905,48.564735945485516,-0.6829748894333899,-0.03665027089804392,0.22977001703577513,-0.15821032891712192,-3.77
CL_F,0.65,4696,545,29.24616695059625,-0.2150580136440692,-0.011540591873574412,0.12947189097103917,-0.060492946758376895,-1.97
CL_F,0.7,4696,281,15.07921635434412,-0.25365192064215103,-0.013611644804476587,0.07240204429301533,-0.09009872909307987,-4.51
CL_F,0.75,4696,178,9.551959114139693,-0.23184856692824762,-0.012441618157137648,0.039821124361158436,-0.10292309004973471,-6.51
CL_F,0.8,4696,82,4.400340715502555,-0.2768557622524627,-0.014856825401963501,0.01895229982964225,-0.163627396768497,-16.88
ETH-USD,0.55,1488,381,64.52419354838709,0.5952336420284168,0.10080569744029638,0.33669354838709675,0.293058007075747,7.81
ETH-USD,0.6,1488,293,49.62096774193548,0.4270556499744761,0.07232394072148385,0.22916666666666666,0.25222022611628403,7.29
ETH-USD,0.65,1488,221,37.427419354838705,0.5249078412601954,0.08889568279406534,0.1431451612903226,0.36733613873214765,11.88
ETH-USD,0.7,1488,133,22.524193548387096,0.43598045760823756,0.07383540007881442,0.07862903225806452,0.38822958537292857,16.39
ETH-USD,0.75,1488,72,12.193548387096774,0.6626284042510229,0.1122193265263829,0.043682795698924734,0.6532742553342755,46.02
ETH-USD,0.8,1488,40,6.774193548387096,0.09692337248865734,0.016414442115014548,0.023521505376344086,0.1195755937328392,12.12
GC_F,0.55,1769,492,70.08705483323912,0.775752898319718,0.11050860959670376,0.390616167326173,0.9650228059623879,7.88
GC_F,0.6,1769,430,61.25494629734313,0.3999015646730076,0.056967322949461795,0.24985867721876767,0.6050791738119481,4.65
GC_F,0.65,1769,274,39.03222159412097,0.19433561710137884,0.027683762300479066,0.13510457885811192,0.37130076021711644,3.55
GC_F,0.7,1769,150,21.368004522329,0.21226481313283305,0.03023783657969131,0.06331260599208592,0.6151883440927235,7.08
GC_F,0.75,1769,68,9.686828716789147,0.19200354888697044,0.027351551339466675,0.02148106274731487,0.8401399716759984,14.12
GC_F,0.8,1769,10,1.4245336348219333,0.04909354264147288,0.006993540274534294,0.0033917467495760316,0.7545551670628835,24.55
idx_AXJO,0.55,1018,304,75.25343811394892,0.2897941901549148,0.07173687221909483,0.4381139489194499,0.8023439214100112,4.77
idx_AXJO,0.6,1018,274,67.82711198428291,0.1506786599106283,0.037299628975911915,0.3182711198428291,0.5005157618495343,2.75
idx_AXJO,0.65,1018,217,53.717092337917485,0.19555239829621057,0.048407862839533466,0.206286836935167,0.8477923217438804,4.51
idx_AXJO,0.7,1018,140,34.656188605108056,0.14295795240075906,0.0353884125785769,0.11394891944990176,0.7398275524233472,5.11
idx_AXJO,0.75,1018,68,16.83300589390963,0.09440926411817395,0.023370466166777834,0.05108055009823183,0.7702959472468451,6.94
idx_AXJO,0.8,1018,26,6.436149312377211,-0.00963808647928632,-0.0023858524487034897,0.014734774066797643,-0.1480070214001021,-1.85
idx_BVSP,0.55,3476,983,71.26467203682394,1.1268221611935783,0.08169136496570245,0.32710011507479864,0.5905867869514115,5.73
idx_BVSP,0.6,3476,675,48.9355581127733,0.5057344264715433,0.03666429098700486,0.1878596087456847,0.3178091832551412,3.75
idx_BVSP,0.65,3476,435,31.536248561565017,0.2798225598915093,0.020286330579016208,0.10241657077100115,0.21912614715486178,3.22
idx_BVSP,0.7,3476,217,15.731875719217491,-0.0640363965587667,-0.004642454526124628,0.05149597238204833,-0.07713499333206252,-1.48
idx_BVSP,0.75,3476,120,8.699654775604142,-0.05991530557739492,-0.0043436872858180434,0.02761795166858458,-0.0894080795831097,-2.5
idx_BVSP,0.8,3476,48,3.479861910241657,-0.09222404847254487,-0.0066859781976643575,0.012082853855005753,-0.17238764642305962,-9.61
idx_DJI,0.55,6965,2037,73.7005025125628,0.9893828071762176,0.03579676488275762,0.44953338119167263,0.2766677266154292,2.43
idx_DJI,0.6,6965,1527,55.24824120603015,0.7857346919370194,0.028428591869078087,0.2617372577171572,0.2583165609674656,2.57
idx_DJI,0.65,6965,925,33.46733668341709,0.6654180617304619,0.02407542735909209,0.14716439339554918,0.2825670513284952,3.6
idx_DJI,0.7,6965,589,21.310552763819096,0.4969602924759514,0.017980472893602262,0.08528356066044508,0.2664925924892099,4.22
idx_DJI,0.75,6965,383,13.857286432160803,0.12645080942074546,0.004575104662459133,0.04737975592246949,0.08859479120298619,1.65
idx_DJI,0.8,6965,223,8.068341708542713,0.1554282243297473,0.005623533744593872,0.024120603015075376,0.15007889373524982,3.48
idx_FTSE,0.55,5478,1476,67.89923329682367,0.8551374887202577,0.03933819772864275,0.35323110624315446,0.34132497640134085,2.9
idx_FTSE,0.6,5478,1060,48.762322015334064,0.46688264738119345,0.02147762452355983,0.20427163198247536,0.22262182366678576,2.2
idx_FTSE,0.65,5478,624,28.705366922234393,0.5351050372980979,0.024616003906374712,0.10441767068273092,0.30400990632528374,4.29
idx_FTSE,0.7,5478,332,15.272727272727273,0.440325627109448,0.020255943415768692,0.04965315808689302,0.2943427011791084,6.63
idx_FTSE,0.75,5478,166,7.636363636363637,0.04900133380908608,0.0022541686965844637,0.023366192040890837,0.03888635514202064,1.48
idx_FTSE,0.8,5478,68,3.128148959474261,-0.10514550767384492,-0.004836923682696043,0.009675063891931361,-0.10046537455730327,-7.73
idx_GSPC,0.55,7469,2079,70.14432989690721,2.2753143586361158,0.07676786964470493,0.41022894631142054,0.565906055851822,5.47
idx_GSPC,0.6,7469,1461,49.293345829428304,1.3723510084718051,0.046302377043097455,0.22774133083411435,0.4041457635475745,4.7
idx_GSPC,0.65,7469,891,30.061855670103093,0.6147663613691012,0.0207418828578141,0.12571964118355872,0.23417410707775732,3.45
idx_GSPC,0.7,7469,520,17.544517338331772,0.19172336346273644,0.00646864206622166,0.07162940152630874,0.09217755454700881,1.84
idx_GSPC,0.75,7469,314,10.5941893158388,0.29440546981454807,0.00993308051857894,0.03869326549738921,0.17894727902144547,4.69
idx_GSPC,0.8,7469,140,4.723523898781631,-0.09339038037622635,-0.0031509406687386583,0.016869728209934397,-0.08159935248142178,-3.34
idx_HSI,0.55,4697,1130,60.62593144560358,0.7405253947131729,0.039730125498769336,0.3293591654247392,0.23422480807717974,3.28
idx_HSI,0.6,4697,754,40.45305514157973,0.7660830453716049,0.041101325832157636,0.1873536299765808,0.2912476016167505,5.08
idx_HSI,0.65,4697,444,23.821162444113263,0.07290656193608422,0.003911529403426277,0.10261869278262721,0.03176070302649153,0.82
idx_HSI,0.7,4697,258,13.842026825633383,0.23728205910369593,0.012730483051763119,0.05492867787949755,0.11925211152400667,4.6
idx_HSI,0.75,4697,138,7.403874813710879,-0.3131571552611178,-0.016801278076602446,0.028315946348733235,-0.19479035989251156,-11.35
idx_HSI,0.8,4697,66,3.540983606557377,0.18186325882683144,0.009757194214256231,0.010857994464551842,0.15502674965261581,13.78
idx_JKSE,0.55,5948,1735,73.50706119704101,2.359235753447845,0.0999541711279181,0.48486886348352387,0.7546817531293775,6.8
idx_JKSE,0.6,5948,1473,62.40685944855413,2.130471633292994,0.09026207995794124,0.28496973772696704,0.881032546902887,7.23
idx_JKSE,0.65,5948,884,37.45258910558171,1.381876785303359,0.05854622560464802,0.14643577673167452,0.7748791880936985,7.82
idx_JKSE,0.7,5948,454,19.23470073974445,0.7732603467555719,0.03276086203470143,0.06472763954270343,0.6336740974336472,8.52
idx_JKSE,0.75,5948,206,8.727639542703429,0.5273883208616088,0.022343957104425927,0.027236045729657026,0.7140936949588451,12.8
idx_JKSE,0.8,5948,90,3.8130464021519836,0.17032030335966755,0.0072159913326557195,0.00941492938802959,0.4282947471237756,9.46
idx_KS11,0.55,5516,1518,69.3502538071066,1.4931925859257822,0.06821692016919817,0.4158810732414793,0.43985988509389584,4.92
idx_KS11,0.6,5516,1130,51.6243654822335,0.9390930585214684,0.0429027285618945,0.24347353154459753,0.3228673346910943,4.16
idx_KS11,0.65,5516,725,33.12182741116751,0.7922426341647885,0.03619382592631013,0.13361131254532269,0.3411378104118687,5.46
idx_KS11,0.7,5516,423,19.3248730964467,0.6451403390048007,0.029473416502757394,0.06635242929659173,0.3368447229571475,7.63
idx_KS11,0.75,5516,172,7.8578680203045685,0.2576945006816841,0.011772845208807902,0.024836838288614937,0.1771148807069832,7.49
idx_KS11,0.8,5516,62,2.83248730964467,0.2075938221687471,0.0094839817234453,0.007070340826686004,0.17971102245452628,16.74
idx_N225,0.55,4405,1175,67.21906923950057,1.9961162737763856,0.114193257886867,0.358683314415437,0.645115493467757,8.49
idx_N225,0.6,4405,857,49.02701475595914,1.4422269326947565,0.08250651238117562,0.21861520998864925,0.5295724703363749,8.41
idx_N225,0.65,4405,575,32.894438138478996,0.985221608605064,0.05636228044687313,0.1271282633371169,0.4065083358770892,8.57
idx_N225,0.7,4405,313,17.906015891032915,0.14185725819255862,0.00811533009410324,0.0681044267877412,0.06576209304391688,2.27
idx_N225,0.75,4405,179,10.240181611804767,-0.15213251908530356,-0.008703154326786946,0.03723041997729853,-0.08006562552289535,-4.25
idx_N225,0.8,4405,87,4.977071509648127,-0.03523770146190283,-0.002015868505879572,0.02133938706015891,-0.020144373756398597,-2.03
idx_NDX,0.55,7468,2226,75.1140867702196,3.0544985086101306,0.10307091914431614,0.43519014461703265,0.540075590201138,6.86
idx_NDX,0.6,7468,1634,55.137653990358864,1.3804064573235575,0.04658040000609755,0.2333958221746117,0.2999927314485707,4.22
idx_NDX,0.65,7468,926,31.24692019282271,0.8386451391578017,0.028299220014430373,0.11609534011783611,0.23080417688862861,4.53
idx_NDX,0.7,7468,475,16.028387787895017,0.7594351887469302,0.025626361484229566,0.05650776647027317,0.2554044258899023,7.99
idx_NDX,0.75,7468,236,7.9635779325120515,-0.046568071168055114,-0.0015713917962439593,0.026647027316550616,-0.01907535977251066,-0.99
idx_NDX,0.8,7468,104,3.5093733261917515,0.016490071501052868,0.0005564405487768241,0.011247991430101767,0.009600866007230917,0.79
idx_NSEI,0.55,1854,470,63.88349514563107,0.0238985919012287,0.0032483522972543864,0.42718446601941745,0.024405090067556336,0.25
idx_NSEI,0.6,1854,448,60.89320388349515,-0.10128058983316818,-0.013766293763731598,0.2977346278317152,-0.12017561017770763,-1.13
idx_NSEI,0.65,1854,314,42.67961165048544,-0.18273656874664648,-0.024837980217990784,0.17583603020496225,-0.23652410280496108,-2.91
idx_NSEI,0.7,1854,213,28.951456310679614,-0.17847209818474474,-0.024258343442586667,0.11057173678532901,-0.2481812827408526,-4.19
idx_NSEI,0.75,1854,134,18.21359223300971,-0.11275447283508716,-0.01532585067661379,0.061488673139158574,-0.1657244435135836,-4.21
idx_NSEI,0.8,1854,68,9.242718446601943,-0.18338488411880274,-0.024926100754012026,0.03505933117583603,-0.2820927591619338,-13.48
idx_STOXX50E,0.55,1792,477,67.078125,0.7651071657444322,0.10759319518281078,0.43973214285714285,0.7032807184551632,8.02
idx_STOXX50E,0.6,1792,424,59.625,0.5823930245619967,0.08189901907903079,0.31919642857142855,0.5983975241263437,6.87
idx_STOXX50E,0.65,1792,310,43.59375,0.2580721295001447,0.03629139321095785,0.22098214285714285,0.2976908599020924,4.16
idx_STOXX50E,0.7,1792,204,28.6875,0.05767491629819768,0.00811053510443405,0.13727678571428573,0.07401555763424056,1.41
idx_STOXX50E,0.75,1792,126,17.71875,-0.0027027939841985094,-0.0003800804040279154,0.07700892857142858,-0.004287728848706067,-0.11
idx_STOXX50E,0.8,1792,70,9.84375,-0.2304620135485854,-0.03240872065526982,0.037388392857142856,-0.42699062026182477,-16.46
idx_TWII,0.55,4298,1184,69.4201954397394,0.9571728645524334,0.056120884566592186,0.43601675197766404,0.4286029498632863,4.04
idx_TWII,0.6,4298,936,54.87947882736156,0.8364850884819577,0.04904472831490305,0.2696603071195905,0.45344051098918775,4.47
idx_TWII,0.65,4298,650,38.11074918566775,0.3705351649558185,0.021725188824771115,0.15495579339227547,0.25043057298120386,2.85
idx_TWII,0.7,4298,370,21.693811074918564,0.14248313773272733,0.008354060192798345,0.07375523499302,0.12268328090045333,1.93
idx_TWII,0.75,4298,186,10.905537459283387,0.08595619665659734,0.005039777002666944,0.03187529083294555,0.11500379314327538,2.31
idx_TWII,0.8,4298,84,4.925081433224755,0.007409298043773854,0.00043442138367403703,0.012331316891577479,0.014694667419707654,0.44
